gender,first_name,last_name,email,phone,dob_date,dob_age,location_city,location_country,registered_date,cell
male,Willfried,Enders,willfried.enders@example.com,0656-3593126,1956-02-26T11:41:39.644Z,70,Arendsee (Altmark),Germany,2003-08-04T05:09:03.489Z,0173-1992197
male,Robert,Skretteberg,robert.skretteberg@example.com,66043774,1955-06-20T00:48:51.985Z,70,Kirkenes,Norway,2007-07-11T10:05:13.325Z,90444388
male,Felix,Møller,felix.moller@example.com,61801407,1953-10-25T18:01:32.795Z,72,Klitmøller,Denmark,2003-07-19T00:13:20.292Z,80781621
female,Leonor,Cavazos,leonor.cavazos@example.com,(613) 001 3223,1955-09-09T19:53:43.456Z,70,El Capomo,Mexico,2005-10-12T14:36:08.985Z,(650) 043 5801
female,Anka,Pejić,anka.pejic@example.com,035-4776-598,1964-09-22T02:46:42.594Z,61,Sjenica,Serbia,2016-02-19T19:41:03.871Z,067-5255-976
male,Iegor,Kistyakivskiy,iegor.kistyakivskiy@example.com,(068) P79-1823,1992-09-26T05:22:18.923Z,33,Kam'yanske,Ukraine,2012-06-03T12:12:46.881Z,(068) Y24-3774
female,Ilma,Aragão,ilma.aragao@example.com,(78) 9050-5451,2000-03-25T02:24:58.388Z,25,Conselheiro Lafaiete,Brazil,2021-06-18T14:12:45.846Z,(11) 7173-1015
female,Liva,Beyer,liva.beyer@example.com,56348214,1985-01-08T18:58:06.199Z,41,Knarvik,Norway,2017-09-17T05:13:55.870Z,99674724
male,Dominic,Ennis,dominic.ennis@example.com,Q85 H12-1759,1966-08-05T03:10:43.104Z,59,Fauquier,Canada,2020-01-07T03:46:44.536Z,S12 A41-5449
female,Zirka,Overchuk,zirka.overchuk@example.com,(098) N64-1757,1956-11-30T00:17:01.599Z,69,Novodnistrovsk,Ukraine,2017-01-03T09:35:42.850Z,(067) R47-0310
male,Samarth,Rajesh,samarth.rajesh@example.com,8807248201,1975-05-21T09:18:11.528Z,50,Maheshtala,India,2019-10-28T13:09:46.376Z,7002310745
female,Brielle,Bouchard,brielle.bouchard@example.com,Y39 D15-2997,1995-02-14T23:15:55.371Z,31,Cornwall,Canada,2014-12-14T23:38:58.194Z,B35 R59-6793
female,Ava,Dean,ava.dean@example.com,017683 64114,1957-01-28T15:49:08.252Z,69,Gloucester,United Kingdom,2012-02-02T10:22:04.371Z,07872 819289
male,Bozhemir,Pidgorniy,bozhemir.pidgorniy@example.com,(098) D54-0079,1953-03-28T14:32:01.843Z,72,Nova Kahovka,Ukraine,2009-08-27T19:36:59.100Z,(066) J21-0174
male,Leo,Lindanger,leo.lindanger@example.com,39157618,1954-10-01T12:01:23.077Z,71,Jaren,Norway,2003-05-15T23:40:31.133Z,48567955
female,Molly,Anderson,molly.anderson@example.com,(061)-884-6677,1988-09-18T11:11:29.794Z,37,Hamilton,New Zealand,2017-08-29T00:16:06.219Z,(865)-206-3786
female,Anne-Kathrin,Klenk,anne-kathrin.klenk@example.com,0746-2778956,1949-02-07T10:36:59.754Z,77,Mahlberg,Germany,2015-07-05T09:58:00.416Z,0175-3784948
female,Anita,da Paz,anita.dapaz@example.com,(29) 3143-4707,1982-08-19T08:27:29.535Z,43,Vespasiano,Brazil,2019-08-18T01:41:11.618Z,(07) 5962-6096
male,Darryl,Moore,darryl.moore@example.com,07-3382-0123,1986-06-24T16:31:55.163Z,39,Geelong,Australia,2012-01-12T14:11:56.632Z,0436-919-223
female,Nuria,Cruz,nuria.cruz@example.com,992-841-581,1949-12-01T11:49:36.142Z,76,Valencia,Spain,2011-06-14T06:04:00.109Z,631-965-344
female,Crystal,Watts,crystal.watts@example.com,(216) 332-3598,1972-07-25T03:40:19.951Z,53,Rio Rancho,United States,2004-08-22T07:07:58.725Z,(447) 344-1950
female,Irene,Román,irene.roman@example.com,931-669-777,1994-10-11T02:28:15.763Z,31,Toledo,Spain,2016-07-26T12:15:35.860Z,618-890-344
male,Lucas,Rivera,lucas.rivera@example.com,00-8183-7541,1996-08-20T07:32:33.698Z,29,Sydney,Australia,2019-09-14T22:55:01.224Z,0410-363-281
male,Charles,Bourgeois,charles.bourgeois@example.com,01-68-25-18-89,1958-02-17T04:37:37.355Z,68,Aix-En-Provence,France,2004-03-25T14:02:23.674Z,06-97-38-61-08
male,Santiago,Cantú,santiago.cantu@example.com,(673) 231 1567,1961-07-24T18:12:52.090Z,64,Santa Inés Ahuatempan,Mexico,2005-11-20T03:30:55.028Z,(611) 065 5257
male,محمدطاها,موسوی,mhmdth.mwswy@example.com,049-19698839,1986-09-22T10:24:23.534Z,39,نیشابور,Iran,2015-08-10T11:08:34.672Z,0950-211-9584
female,Meghashree,Moolya,meghashree.moolya@example.com,7845977169,1992-08-18T11:29:55.463Z,33,Tenali,India,2008-12-16T10:48:31.554Z,7723555357
female,Grace,Hunt,grace.hunt@example.com,017687 91684,1995-09-29T15:43:04.627Z,30,Coventry,United Kingdom,2021-02-21T14:47:45.591Z,07580 753150
male,علی رضا,موسوی,aalyrd.mwswy@example.com,057-34931835,1997-06-25T19:38:28.982Z,28,رشت,Iran,2017-01-02T10:23:14.453Z,0937-477-5146
male,Quentin,Gautier,quentin.gautier@example.com,03-21-86-54-96,1950-01-27T11:22:22.496Z,76,Brest,France,2021-07-03T05:58:03.435Z,06-72-16-12-20
male,Zboyislav,Grusheckiy,zboyislav.grusheckiy@example.com,(068) K96-5990,1960-08-02T14:38:33.839Z,65,Berezan,Ukraine,2003-06-01T09:33:43.210Z,(099) H18-5365
male,Marius,Johansen,marius.johansen@example.com,11155689,1993-04-25T00:21:08.897Z,32,Århus C.,Denmark,2015-04-04T23:29:15.147Z,07814006
male,Orlando,Leyva,orlando.leyva@example.com,(699) 050 9958,1951-01-31T15:16:31.921Z,75,Pizándaro,Mexico,2019-09-22T12:54:42.767Z,(652) 957 2503
female,Amy,Ouellet,amy.ouellet@example.com,Q49 M82-0940,1986-05-08T11:42:34.370Z,39,Radisson,Canada,2010-03-30T13:43:37.418Z,E64 J99-1867
male,David,Davidson,david.davidson@example.com,021-949-8281,1995-07-03T10:44:53.058Z,30,Ashbourne,Ireland,2016-11-06T15:57:30.465Z,081-109-1963
female,Domna,Vavruk,domna.vavruk@example.com,(097) M08-3088,2000-01-23T11:08:23.942Z,26,Olevsk,Ukraine,2011-08-18T00:22:24.071Z,(099) L93-5999
male,Agustín,Ferrer,agustin.ferrer@example.com,955-259-625,1998-05-30T00:40:29.865Z,27,Castellón de la Plana,Spain,2007-10-27T17:27:25.782Z,659-767-198
female,Silke,Mortensen,silke.mortensen@example.com,90592536,1965-04-23T14:16:27.807Z,60,København N,Denmark,2019-01-20T06:21:34.121Z,24285666
male,Charlie,Giraud,charlie.giraud@example.com,01-57-50-97-10,1955-06-13T21:21:59.879Z,70,Orléans,France,2018-05-24T14:34:17.333Z,06-33-70-74-99
male,Jayden,King,jayden.king@example.com,(583)-904-3549,1967-09-17T15:40:07.565Z,58,Auckland,New Zealand,2006-02-13T04:48:53.219Z,(388)-123-4135
female,نیایش,احمدی,nyysh.hmdy@example.com,089-30532252,1991-09-15T15:16:51.070Z,34,رشت,Iran,2005-10-05T22:19:05.198Z,0949-927-6942
male,Luke,Gregory,luke.gregory@example.com,051-865-8202,1946-02-04T01:55:27.514Z,80,Midleton,Ireland,2011-09-25T01:09:05.415Z,081-686-1910
female,Reema,Bhat,reema.bhat@example.com,8953998221,1961-12-25T21:06:08.458Z,64,Arrah,India,2015-08-22T14:33:49.020Z,7116527421
male,Adem,Taşçı,adem.tasci@example.com,(850)-914-8895,1953-01-03T14:45:15.782Z,73,Giresun,Turkey,2017-01-13T12:17:53.441Z,(445)-090-9976
male,Carmelo,Santos,carmelo.santos@example.com,940-012-308,1994-06-18T18:07:58.168Z,31,Hospitalet de Llobregat,Spain,2015-04-25T06:57:29.026Z,673-596-468
male,Kasper,Korpi,kasper.korpi@example.com,09-901-960,1954-01-12T08:15:17.208Z,72,Mariehamn,Finland,2019-02-22T05:00:09.815Z,042-922-20-90
male,Jonas,Christensen,jonas.christensen@example.com,31965704,1990-09-04T12:22:50.706Z,35,Tisvilde,Denmark,2014-05-23T16:57:39.880Z,61760561
male,Peetu,Juntunen,peetu.juntunen@example.com,02-860-159,1971-04-06T18:53:39.500Z,54,Hervanta,Finland,2008-08-08T18:09:29.387Z,044-586-25-67
male,Rodoslav,Konik,rodoslav.konik@example.com,(096) K19-4982,1988-11-25T17:31:19.269Z,37,Siversk,Ukraine,2012-12-10T17:20:16.291Z,(068) E53-3310
male,Abdelhakim,Leen,abdelhakim.leen@example.com,(0843) 424071,1997-09-24T09:28:09.086Z,28,Nieuwe-Tonge,Netherlands,2011-01-31T23:29:58.302Z,(06) 07297664
male,Felix,Mortensen,felix.mortensen@example.com,67111998,1988-01-04T07:58:16.514Z,38,Askeby,Denmark,2014-12-11T07:48:50.750Z,98975300
female,Manuela,Lozano,manuela.lozano@example.com,911-613-238,1958-06-26T10:59:20.581Z,67,Santander,Spain,2015-07-29T13:22:45.902Z,634-695-184
male,Jeremy,Nichols,jeremy.nichols@example.com,027 0077 6444,1977-12-04T22:55:00.987Z,48,Sunderland,United Kingdom,2013-06-14T23:08:38.250Z,07641 795727
male,Starodum,Rikun,starodum.rikun@example.com,(067) G78-4798,1997-04-07T18:14:37.982Z,28,Gorodnya,Ukraine,2019-07-20T10:30:00.731Z,(099) J43-4436
male,Muhovist,Chizhovich,muhovist.chizhovich@example.com,(067) Q88-3658,1967-03-04T21:53:35.516Z,59,Bilyayivka,Ukraine,2015-05-23T11:16:06.400Z,(096) Q82-8522
male,Sasha,Fleury,sasha.fleury@example.com,04-47-92-41-68,1980-01-04T23:39:54.711Z,46,Champigny-sur-Marne,France,2004-03-02T22:31:08.415Z,06-16-18-03-70
male,Alfredo,Velasco,alfredo.velasco@example.com,985-502-979,1996-03-30T02:51:02.988Z,29,Santa Cruz de Tenerife,Spain,2009-02-18T20:05:50.570Z,664-710-800
male,Helmut,Steinmetz,helmut.steinmetz@example.com,0940-3331924,1979-08-22T11:36:12.923Z,46,Görlitz,Germany,2015-09-20T08:25:57.285Z,0174-6434840
male,طاها,سالاری,th.slry@example.com,042-07447566,1952-07-11T01:18:50.294Z,73,تهران,Iran,2006-06-09T23:34:21.952Z,0997-628-7172
male,Genaro,Tejeda,genaro.tejeda@example.com,(698) 166 4617,1982-07-20T20:19:58.700Z,43,San Luis Soyatlán,Mexico,2017-04-01T20:05:55.714Z,(661) 484 9239
male,Wilson,Zutt,wilson.zutt@example.com,(0544) 539924,1993-12-02T17:54:04.415Z,32,Noordbroek,Netherlands,2010-03-15T08:36:03.398Z,(06) 32153984
female,Miriam,Molina,miriam.molina@example.com,912-944-587,1953-07-06T23:41:29.775Z,72,Alicante,Spain,2019-11-29T14:29:28.981Z,638-610-779
female,Amanda,Koskela,amanda.koskela@example.com,08-291-685,1961-11-20T11:15:08.819Z,64,Sulkava,Finland,2004-08-10T20:05:05.657Z,048-264-26-00
male,Aarão,da Rocha,aarao.darocha@example.com,(88) 4715-5845,1952-02-12T17:58:52.025Z,74,Campina Grande,Brazil,2003-12-15T22:08:28.395Z,(61) 9134-3832
male,Manthan,Kamath,manthan.kamath@example.com,9184477043,1992-11-26T14:32:10.548Z,33,Sasaram,India,2018-11-29T22:19:08.487Z,9981383014
female,Anneliese,Krug,anneliese.krug@example.com,0711-9367008,1962-12-06T21:11:38.173Z,63,Wissen,Germany,2006-02-22T02:27:56.413Z,0177-4601438
male,Raghav,Ramesh,raghav.ramesh@example.com,9596317525,1947-02-01T18:25:28.473Z,79,Pune,India,2012-08-11T20:57:09.278Z,9609759127
male,Živorad,Gojković,zivorad.gojkovic@example.com,019-7899-812,1945-03-11T04:51:30.281Z,81,Požega,Serbia,2003-01-21T15:41:03.894Z,066-8176-102
female,Elsa,Roussel,elsa.roussel@example.com,078 588 35 68,1974-05-14T12:48:39.970Z,51,Botterens,Switzerland,2013-06-04T23:50:31.998Z,078 399 89 45
female,Francine,Leclercq,francine.leclercq@example.com,077 746 82 29,1955-04-28T23:56:50.765Z,70,Grossdietwil,Switzerland,2003-03-23T20:42:30.561Z,079 342 19 40
female,Nalan,Mertoğlu,nalan.mertoglu@example.com,(809)-247-8067,2000-08-11T12:44:09.942Z,25,Gümüşhane,Turkey,2004-05-18T01:39:42.075Z,(246)-734-8286
male,Bernard,Berry,bernard.berry@example.com,016977 7381,1964-12-14T16:55:00.897Z,61,Armagh,United Kingdom,2010-03-14T18:47:09.164Z,07033 296786
male,Levi,Clarke,levi.clarke@example.com,(399)-754-2241,1968-03-11T21:11:23.883Z,58,Wellington,New Zealand,2009-04-09T21:40:34.940Z,(343)-409-6949
male,Albert,Medina,albert.medina@example.com,017683 33901,1979-07-25T23:48:22.923Z,46,Glasgow,United Kingdom,2019-05-07T02:00:49.751Z,07914 418214
female,Maxine,Jackson,maxine.jackson@example.com,(735) 610-8956,1966-01-03T22:21:11.166Z,60,West Covina,United States,2011-02-14T07:12:28.548Z,(969) 223-4457
male,Toivo,Huotari,toivo.huotari@example.com,06-680-211,1968-03-26T03:46:17.802Z,57,Pedersöre,Finland,2010-09-09T13:08:58.986Z,046-712-04-53
female,Isabella,Singh,isabella.singh@example.com,D61 S97-6032,1979-06-10T16:01:43.777Z,46,Bath,Canada,2018-01-07T03:15:08.292Z,K80 Y26-0464
male,Jeromy,Van Hummel,jeromy.vanhummel@example.com,(031) 6390626,1982-07-06T20:01:33.516Z,43,Foxham,Netherlands,2019-02-25T06:37:29.167Z,(06) 09117537
female,Elma,Krane,elma.krane@example.com,82525567,1994-09-18T18:05:19.517Z,31,Bjørnevatn,Norway,2018-08-27T00:52:20.616Z,40580646
male,Dustin,Henry,dustin.henry@example.com,05-8463-9717,1980-10-12T01:55:30.639Z,45,Rockhampton,Australia,2011-05-25T05:43:08.160Z,0445-057-685
female,Hilla,Mantyla,hilla.mantyla@example.com,06-527-456,1963-03-23T02:15:11.844Z,63,Kuhmo,Finland,2007-01-08T19:05:47.124Z,040-626-37-44
female,Encarnación,Herrero,encarnacion.herrero@example.com,952-637-770,1968-02-05T15:40:04.119Z,58,Pontevedra,Spain,2008-08-25T19:23:06.098Z,668-160-856
female,Delia,Carrasco,delia.carrasco@example.com,(627) 679 1723,1999-11-08T06:02:15.550Z,26,Los Pilares,Mexico,2021-07-26T00:08:57.804Z,(656) 229 4487
male,Jordan,Martin,jordan.martin@example.com,(524)-294-4700,1994-09-04T22:12:57.449Z,31,Whanganui,New Zealand,2013-06-05T17:05:27.824Z,(833)-736-1674
male,Othmar,Michel,othmar.michel@example.com,077 797 62 17,1998-08-24T07:11:30.489Z,27,Gurzelen,Switzerland,2009-07-21T18:21:09.450Z,079 037 88 19
female,Karen,Ortiz,karen.ortiz@example.com,019467 32528,1993-04-24T16:19:49.830Z,32,St Davids,United Kingdom,2002-12-15T02:53:10.042Z,07151 923749
male,مانی,حسینی,mny.hsyny@example.com,027-27383187,1993-04-19T02:18:59.976Z,32,بروجرد,Iran,2014-08-20T17:59:24.738Z,0962-653-0009
female,Millie,Thompson,millie.thompson@example.com,(069)-375-4199,1984-04-11T19:22:12.643Z,41,Whangarei,New Zealand,2008-04-14T19:56:05.025Z,(392)-284-2340
male,Jonathan,Jørgensen,jonathan.jorgensen@example.com,90327937,1971-02-03T05:05:23.379Z,55,Viby J.,Denmark,2020-09-18T20:56:19.463Z,06733023
female,Stanislava,Maystrenko,stanislava.maystrenko@example.com,(096) J08-5297,1962-02-11T13:58:56.051Z,64,Teplodar,Ukraine,2008-03-30T18:23:52.621Z,(098) S81-4585
male,Matéo,Gauthier,mateo.gauthier@example.com,02-55-83-34-82,1972-09-15T19:10:29.173Z,53,Orléans,France,2007-01-13T17:33:00.451Z,06-80-47-46-86
male,Adam,Gill,adam.gill@example.com,R05 L19-8124,2001-03-30T06:27:50.673Z,24,Radisson,Canada,2014-12-01T21:05:56.647Z,A12 M44-2117
male,Alessandro,Masson,alessandro.masson@example.com,075 443 08 41,1951-07-19T01:14:52.493Z,74,Hemberg,Switzerland,2021-05-14T02:58:12.588Z,075 874 87 51
female,Piper,Walker,piper.walker@example.com,(127)-822-2350,1990-04-26T01:32:48.164Z,35,Hastings,New Zealand,2018-03-08T16:36:51.586Z,(337)-141-4511
male,Anton,Rasmussen,anton.rasmussen@example.com,74400651,1987-06-12T11:49:39.656Z,38,Sundby/Erslev,Denmark,2008-12-12T03:21:33.577Z,70904462
female,Antonella,Chevalier,antonella.chevalier@example.com,077 178 48 70,1991-10-27T12:58:47.622Z,34,Bedigliora,Switzerland,2018-03-17T17:53:15.278Z,077 440 64 22
male,Phillip,George,phillip.george@example.com,021-788-3472,1984-11-11T05:44:33.177Z,41,Roscommon,Ireland,2021-07-28T03:49:46.182Z,081-756-0919
male,آدرین,مرادی,adryn.mrdy@example.com,079-18409805,2000-04-05T13:59:06.529Z,25,خرم‌آباد,Iran,2020-03-28T18:08:06.990Z,0933-207-8075
male,Anton,Pedersen,anton.pedersen@example.com,73559741,1979-06-22T18:47:44.970Z,46,Aalborg S.Ø.,Denmark,2002-11-19T14:08:38.125Z,24666574
female,Victoria,Petersen,victoria.petersen@example.com,21542266,1946-01-14T05:08:24.917Z,80,Vesterborg,Denmark,2003-08-15T17:59:01.270Z,16077800
